ID_Transaccion;Timestamp;Info_Cliente;Detalle_Producto;Monto_Neto;Impuesto;Geolocalizacion;Metodo_Pago;Rating_Servicio
10001;1/12/2025 10:30;"C3001;ORO";Laptop:1200.00|Mouse:25.50;1225.5;0.1;34.05--118.24;CREDITO;5
10002;1/12/2025 11:45;"C3002;PLATA";Monitor:299.99;299.99;0.05;40.71--74.00;DEBITO;4
10003;1/12/2025 12:00;"C3003;BRONCE";Teclado:75.00|Webcam:45.00;120;0.1;51.50--0.12;EFECTIVO;3
10004;1/12/2025 13:15;"C3001;ORO";;450;0.1;48.85--2.35;TRANSFERENCIA;
10005;2/12/2025 09:00;"C3004;PLATA";DiscoDuro:150.00;450;0.05;40.71--74.00;CREDITO;5
10006;2/12/2025 10:00;"C3005;ORO";Smartphone:800.00;800;0.1;34.05--118.24;CREDITO;4
10007;2/12/2025 11:10;"C3002;PLATA";;60;0;40.71--74.00;EFECTIVO;5
10008;3/12/2025 14:00;"C3006;BRONCE";Mesa:300.00|Silla:100.00;400;0.1;51.50--0.12;DEBITO;2
10009;3/12/2025 15:30;"C3005;ORO";Tablet:350.00;350;0.05;34.05--118.24;TRANSFERENCIA;4
10010;3/12/2025 16:00;"C3004;PLATA";Memoria:50.00;50;0.05;48.85--2.35;CREDITO;3
10011;4/12/2025 08:30;"C3007;BRONCE";Audifonos:99.99;99.99;0.1;34.05--118.24;CREDITO;
10012;4/12/2025 09:40;"C3001;ORO";DiscoExterno:200.00;200;0;40.71--74.00;DEBITO;5
10013;4/12/2025 10:50;"C3008;PLATA";Televisor:850.00;850;0.15;51.50--0.12;EFECTIVO;4
10014;4/12/2025 11:20;"C3009;ORO";;1500;0.1;48.85--2.35;CREDITO;5
10015;5/12/2025 12:30;"C3010;BRONCE";Licuadora:65.00|Tostadora:30.00;95;0.05;34.05--118.24;TRANSFERENCIA;2
10016;5/12/2025 14:00;"C3006;BRONCE";Camara:400.00;400;0.1;40.71--74.00;DEBITO;3
10017;5/12/2025 15:15;"C3007;BRONCE";Lente:250.00;250;0;51.50--0.12;CREDITO;5
10018;6/12/2025 09:30;"C3003;BRONCE";Libro:20.00;20;0.05;48.85--2.35;EFECTIVO;
10019;6/12/2025 10:45;"C3009;ORO";Impresora:320.00;320;0.1;34.05--118.24;CREDITO;4
10020;6/12/2025 11:55;"C3010;BRONCE";Papel:10.00|Pluma:5.00;15;0.05;40.71--74.00;DEBITO;2
10021;7/12/2025 12:05;"C3001;ORO";Suscripcion:50.00;50;0;51.50--0.12;TRANSFERENCIA;5
10022;7/12/2025 13:10;"C3004;PLATA";Monitor:299.99;299.99;0.05;48.85--2.35;CREDITO;4
10023;7/12/2025 14:20;"C3005;ORO";;150;0.1;34.05--118.24;DEBITO;3
10024;8/12/2025 09:00;"C3002;PLATA";Teclado:75.00;75;0.05;40.71--74.00;EFECTIVO;5
10025;8/12/2025 10:15;"C3008;PLATA";Webcam:45.00;45;0.1;51.50--0.12;TRANSFERENCIA;4
10026;8/12/2025 11:25;"C3006;BRONCE";Laptop:1200.00;1200;0.1;48.85--2.35;CREDITO;
10027;8/12/2025 12:35;"C3007;BRONCE";Mouse:25.50;25.5;0.05;34.05--118.24;DEBITO;2
10028;9/12/2025 14:00;"C3009;ORO";DiscoExterno:200.00;200;0;40.71--74.00;EFECTIVO;5
10029;9/12/2025 15:10;"C3010;BRONCE";;300;0.1;51.50--0.12;CREDITO;4
10030;9/12/2025 16:20;"C3003;BRONCE";Televisor:850.00;850;0.15;48.85--2.35;TRANSFERENCIA;3
10031;10/12/2025 08:30;"C3001;ORO";Licuadora:65.00;65;0.05;34.05--118.24;DEBITO;
10032;10/12/2025 09:40;"C3004;PLATA";Tostadora:30.00;30;0.1;40.71--74.00;CREDITO;5
10033;10/12/2025 10:50;"C3005;ORO";Camara:400.00;400;0.1;51.50--0.12;EFECTIVO;4
10034;10/12/2025 11:20;"C3006;BRONCE";Lente:250.00;250;0;48.85--2.35;DEBITO;5
10035;11/12/2025 12:30;"C3002;PLATA";Libro:20.00|Pluma:5.00;25;0.05;34.05--118.24;CREDITO;2
10036;11/12/2025 14:00;"C3008;PLATA";Impresora:320.00;320;0.1;40.71--74.00;TRANSFERENCIA;3
10037;11/12/2025 15:15;"C3009;ORO";Papel:10.00;10;0.05;51.50--0.12;EFECTIVO;5
10038;12/12/2025 09:30;"C3010;BRONCE";Suscripcion:50.00;50;0;48.85--2.35;CREDITO;4
10039;12/12/2025 10:45;"C3007;BRONCE";;120;0.1;34.05--118.24;DEBITO;2
10040;12/12/2025 11:55;"C3001;ORO";Laptop:1200.00;1200;0.1;40.71--74.00;CREDITO;5
10041;13/12/2025 12:05;"C3004;PLATA";Monitor:299.99;299.99;0.05;51.50--0.12;TRANSFERENCIA;4
10042;13/12/2025 13:10;"C3005;ORO";Teclado:75.00;75;0.1;48.85--2.35;DEBITO;3
10043;13/12/2025 14:20;"C3002;PLATA";Webcam:45.00;45;0.05;34.05--118.24;EFECTIVO;5
10044;14/12/2025 09:00;"C3008;PLATA";DiscoDuro:150.00;150;0.1;40.71--74.00;CREDITO;4
10045;14/12/2025 10:15;"C3006;BRONCE";Smartphone:800.00;800;0.1;51.50--0.12;DEBITO;2
10046;14/12/2025 11:25;"C3007;BRONCE";;60;0;48.85--2.35;CREDITO;5
10047;14/12/2025 12:35;"C3009;ORO";Mesa:300.00|Silla:100.00;400;0.1;34.05--118.24;TRANSFERENCIA;4
10048;15/12/2025 14:00;"C3010;BRONCE";Tablet:350.00;350;0.05;40.71--74.00;EFECTIVO;3
10049;15/12/2025 15:10;"C3003;BRONCE";Memoria:50.00;50;0.05;51.50--0.12;CREDITO;
10050;15/12/2025 16:20;"C3001;ORO";Audifonos:99.99;99.99;0.1;48.85--2.35;DEBITO;5
10051;1/12/2025 10:30;"C3001;ORO";Laptop:1200.00|Mouse:25.50;1225.5;0.1;34.05--118.24;CREDITO;5
10052;1/12/2025 11:45;"C3002;PLATA";Monitor:299.99;299.99;0.05;40.71--74.00;DEBITO;4
10053;1/12/2025 12:00;"C3003;BRONCE";Teclado:75.00|Webcam:45.00;120;0.1;51.50--0.12;EFECTIVO;3
10054;1/12/2025 13:15;"C3001;ORO";;450;0.1;48.85--2.35;TRANSFERENCIA;
10055;2/12/2025 09:00;"C3004;PLATA";DiscoDuro:150.00;450;0.05;40.71--74.00;CREDITO;5
10056;2/12/2025 10:00;"C3005;ORO";Smartphone:800.00;800;0.1;34.05--118.24;CREDITO;4
10057;2/12/2025 11:10;"C3002;PLATA";;60;0;40.71--74.00;EFECTIVO;5
10058;3/12/2025 14:00;"C3006;BRONCE";Mesa:300.00|Silla:100.00;400;0.1;51.50--0.12;DEBITO;2
10059;3/12/2025 15:30;"C3005;ORO";Tablet:350.00;350;0.05;34.05--118.24;TRANSFERENCIA;4
10060;3/12/2025 16:00;"C3004;PLATA";Memoria:50.00;50;0.05;48.85--2.35;CREDITO;3
10061;4/12/2025 08:30;"C3007;BRONCE";Audifonos:99.99;99.99;0.1;34.05--118.24;CREDITO;
10062;4/12/2025 09:40;"C3001;ORO";DiscoExterno:200.00;200;0;40.71--74.00;DEBITO;5
10063;4/12/2025 10:50;"C3008;PLATA";Televisor:850.00;850;0.15;51.50--0.12;EFECTIVO;4
10064;4/12/2025 11:20;"C3009;ORO";;1500;0.1;48.85--2.35;CREDITO;5
10065;5/12/2025 12:30;"C3010;BRONCE";Licuadora:65.00|Tostadora:30.00;95;0.05;34.05--118.24;TRANSFERENCIA;2
10066;5/12/2025 14:00;"C3006;BRONCE";Camara:400.00;400;0.1;40.71--74.00;DEBITO;3
10067;5/12/2025 15:15;"C3007;BRONCE";Lente:250.00;250;0;51.50--0.12;CREDITO;5
10068;6/12/2025 09:30;"C3003;BRONCE";Libro:20.00;20;0.05;48.85--2.35;EFECTIVO;
10069;6/12/2025 10:45;"C3009;ORO";Impresora:320.00;320;0.1;34.05--118.24;CREDITO;4
10070;6/12/2025 11:55;"C3010;BRONCE";Papel:10.00|Pluma:5.00;15;0.05;40.71--74.00;DEBITO;2
10071;7/12/2025 12:05;"C3001;ORO";Suscripcion:50.00;50;0;51.50--0.12;TRANSFERENCIA;5
10072;7/12/2025 13:10;"C3004;PLATA";Monitor:299.99;299.99;0.05;48.85--2.35;CREDITO;4
10073;7/12/2025 14:20;"C3005;ORO";;150;0.1;34.05--118.24;DEBITO;3
10074;8/12/2025 09:00;"C3002;PLATA";Teclado:75.00;75;0.05;40.71--74.00;EFECTIVO;5
10075;8/12/2025 10:15;"C3008;PLATA";Webcam:45.00;45;0.1;51.50--0.12;TRANSFERENCIA;4
10076;8/12/2025 11:25;"C3006;BRONCE";Laptop:1200.00;1200;0.1;48.85--2.35;CREDITO;
10077;8/12/2025 12:35;"C3007;BRONCE";Mouse:25.50;25.5;0.05;34.05--118.24;DEBITO;2
10078;9/12/2025 14:00;"C3009;ORO";DiscoExterno:200.00;200;0;40.71--74.00;EFECTIVO;5
10079;9/12/2025 15:10;"C3010;BRONCE";;300;0.1;51.50--0.12;CREDITO;4
10080;9/12/2025 16:20;"C3003;BRONCE";Televisor:850.00;850;0.15;48.85--2.35;TRANSFERENCIA;3
10081;10/12/2025 08:30;"C3001;ORO";Licuadora:65.00;65;0.05;34.05--118.24;DEBITO;
10082;10/12/2025 09:40;"C3004;PLATA";Tostadora:30.00;30;0.1;40.71--74.00;CREDITO;5
10083;10/12/2025 10:50;"C3005;ORO";Camara:400.00;400;0.1;51.50--0.12;EFECTIVO;4
10084;10/12/2025 11:20;"C3006;BRONCE";Lente:250.00;250;0;48.85--2.35;DEBITO;5
10085;11/12/2025 12:30;"C3002;PLATA";Libro:20.00|Pluma:5.00;25;0.05;34.05--118.24;CREDITO;2
10086;11/12/2025 14:00;"C3008;PLATA";Impresora:320.00;320;0.1;40.71--74.00;TRANSFERENCIA;3
10087;11/12/2025 15:15;"C3009;ORO";Papel:10.00;10;0.05;51.50--0.12;EFECTIVO;5
10088;12/12/2025 09:30;"C3010;BRONCE";Suscripcion:50.00;50;0;48.85--2.35;CREDITO;4
10089;12/12/2025 10:45;"C3007;BRONCE";;120;0.1;34.05--118.24;DEBITO;2
10090;12/12/2025 11:55;"C3001;ORO";Laptop:1200.00;1200;0.1;40.71--74.00;CREDITO;5
10091;13/12/2025 12:05;"C3004;PLATA";Monitor:299.99;299.99;0.05;51.50--0.12;TRANSFERENCIA;4
10092;13/12/2025 13:10;"C3005;ORO";Teclado:75.00;75;0.1;48.85--2.35;DEBITO;3
10093;13/12/2025 14:20;"C3002;PLATA";Webcam:45.00;45;0.05;34.05--118.24;EFECTIVO;5
10094;14/12/2025 09:00;"C3008;PLATA";DiscoDuro:150.00;150;0.1;40.71--74.00;CREDITO;4
10095;14/12/2025 10:15;"C3006;BRONCE";Smartphone:800.00;800;0.1;51.50--0.12;DEBITO;2
10096;14/12/2025 11:25;"C3007;BRONCE";;60;0;48.85--2.35;CREDITO;5
10097;14/12/2025 12:35;"C3009;ORO";Mesa:300.00|Silla:100.00;400;0.1;34.05--118.24;TRANSFERENCIA;4
10098;15/12/2025 14:00;"C3010;BRONCE";Tablet:350.00;350;0.05;40.71--74.00;EFECTIVO;3
10099;15/12/2025 15:10;"C3003;BRONCE";Memoria:50.00;50;0.05;51.50--0.12;CREDITO;
10100;15/12/2025 16:20;"C3001;ORO";Audifonos:99.99;99.99;0.1;48.85--2.35;DEBITO;5
10101;1/12/2025 10:30;"C3001;ORO";Laptop:1200.00|Mouse:25.50;1225.5;0.1;34.05--118.24;CREDITO;5
10102;1/12/2025 11:45;"C3002;PLATA";Monitor:299.99;299.99;0.05;40.71--74.00;DEBITO;4
10103;1/12/2025 12:00;"C3003;BRONCE";Teclado:75.00|Webcam:45.00;120;0.1;51.50--0.12;EFECTIVO;3
10104;1/12/2025 13:15;"C3001;ORO";;450;0.1;48.85--2.35;TRANSFERENCIA;
10105;2/12/2025 09:00;"C3004;PLATA";DiscoDuro:150.00;450;0.05;40.71--74.00;CREDITO;5
10106;2/12/2025 10:00;"C3005;ORO";Smartphone:800.00;800;0.1;34.05--118.24;CREDITO;4
10107;2/12/2025 11:10;"C3002;PLATA";;60;0;40.71--74.00;EFECTIVO;5
10108;3/12/2025 14:00;"C3006;BRONCE";Mesa:300.00|Silla:100.00;400;0.1;51.50--0.12;DEBITO;2
10109;3/12/2025 15:30;"C3005;ORO";Tablet:350.00;350;0.05;34.05--118.24;TRANSFERENCIA;4
10110;3/12/2025 16:00;"C3004;PLATA";Memoria:50.00;50;0.05;48.85--2.35;CREDITO;3
10111;4/12/2025 08:30;"C3007;BRONCE";Audifonos:99.99;99.99;0.1;34.05--118.24;CREDITO;
10112;4/12/2025 09:40;"C3001;ORO";DiscoExterno:200.00;200;0;40.71--74.00;DEBITO;5
10113;4/12/2025 10:50;"C3008;PLATA";Televisor:850.00;850;0.15;51.50--0.12;EFECTIVO;4
10114;4/12/2025 11:20;"C3009;ORO";;1500;0.1;48.85--2.35;CREDITO;5
10115;5/12/2025 12:30;"C3010;BRONCE";Licuadora:65.00|Tostadora:30.00;95;0.05;34.05--118.24;TRANSFERENCIA;2
10116;5/12/2025 14:00;"C3006;BRONCE";Camara:400.00;400;0.1;40.71--74.00;DEBITO;3
10117;5/12/2025 15:15;"C3007;BRONCE";Lente:250.00;250;0;51.50--0.12;CREDITO;5
10118;6/12/2025 09:30;"C3003;BRONCE";Libro:20.00;20;0.05;48.85--2.35;EFECTIVO;
10119;6/12/2025 10:45;"C3009;ORO";Impresora:320.00;320;0.1;34.05--118.24;CREDITO;4
10120;6/12/2025 11:55;"C3010;BRONCE";Papel:10.00|Pluma:5.00;15;0.05;40.71--74.00;DEBITO;2
10121;7/12/2025 12:05;"C3001;ORO";Suscripcion:50.00;50;0;51.50--0.12;TRANSFERENCIA;5
10122;7/12/2025 13:10;"C3004;PLATA";Monitor:299.99;299.99;0.05;48.85--2.35;CREDITO;4
10123;7/12/2025 14:20;"C3005;ORO";;150;0.1;34.05--118.24;DEBITO;3
10124;8/12/2025 09:00;"C3002;PLATA";Teclado:75.00;75;0.05;40.71--74.00;EFECTIVO;5
10125;8/12/2025 10:15;"C3008;PLATA";Webcam:45.00;45;0.1;51.50--0.12;TRANSFERENCIA;4
10126;8/12/2025 11:25;"C3006;BRONCE";Laptop:1200.00;1200;0.1;48.85--2.35;CREDITO;
10127;8/12/2025 12:35;"C3007;BRONCE";Mouse:25.50;25.5;0.05;34.05--118.24;DEBITO;2
10128;9/12/2025 14:00;"C3009;ORO";DiscoExterno:200.00;200;0;40.71--74.00;EFECTIVO;5
10129;9/12/2025 15:10;"C3010;BRONCE";;300;0.1;51.50--0.12;CREDITO;4
10130;9/12/2025 16:20;"C3003;BRONCE";Televisor:850.00;850;0.15;48.85--2.35;TRANSFERENCIA;3
10131;10/12/2025 08:30;"C3001;ORO";Licuadora:65.00;65;0.05;34.05--118.24;DEBITO;
10132;10/12/2025 09:40;"C3004;PLATA";Tostadora:30.00;30;0.1;40.71--74.00;CREDITO;5
10133;10/12/2025 10:50;"C3005;ORO";Camara:400.00;400;0.1;51.50--0.12;EFECTIVO;4
10134;10/12/2025 11:20;"C3006;BRONCE";Lente:250.00;250;0;48.85--2.35;DEBITO;5
10135;11/12/2025 12:30;"C3002;PLATA";Libro:20.00|Pluma:5.00;25;0.05;34.05--118.24;CREDITO;2
10136;11/12/2025 14:00;"C3008;PLATA";Impresora:320.00;320;0.1;40.71--74.00;TRANSFERENCIA;3
10137;11/12/2025 15:15;"C3009;ORO";Papel:10.00;10;0.05;51.50--0.12;EFECTIVO;5
10138;12/12/2025 09:30;"C3010;BRONCE";Suscripcion:50.00;50;0;48.85--2.35;CREDITO;4
10139;12/12/2025 10:45;"C3007;BRONCE";;120;0.1;34.05--118.24;DEBITO;2
10140;12/12/2025 11:55;"C3001;ORO";Laptop:1200.00;1200;0.1;40.71--74.00;CREDITO;5
10141;13/12/2025 12:05;"C3004;PLATA";Monitor:299.99;299.99;0.05;51.50--0.12;TRANSFERENCIA;4
10142;13/12/2025 13:10;"C3005;ORO";Teclado:75.00;75;0.1;48.85--2.35;DEBITO;3
10143;13/12/2025 14:20;"C3002;PLATA";Webcam:45.00;45;0.05;34.05--118.24;EFECTIVO;5
10144;14/12/2025 09:00;"C3008;PLATA";DiscoDuro:150.00;150;0.1;40.71--74.00;CREDITO;4
10145;14/12/2025 10:15;"C3006;BRONCE";Smartphone:800.00;800;0.1;51.50--0.12;DEBITO;2
10146;14/12/2025 11:25;"C3007;BRONCE";;60;0;48.85--2.35;CREDITO;5
10147;14/12/2025 12:35;"C3009;ORO";Mesa:300.00|Silla:100.00;400;0.1;34.05--118.24;TRANSFERENCIA;4
10148;15/12/2025 14:00;"C3010;BRONCE";Tablet:350.00;350;0.05;40.71--74.00;EFECTIVO;3
10149;15/12/2025 15:10;"C3003;BRONCE";Memoria:50.00;50;0.05;51.50--0.12;CREDITO;
10150;15/12/2025 16:20;"C3001;ORO";Audifonos:99.99;99.99;0.1;48.85--2.35;DEBITO;5
10151;1/12/2025 10:30;"C3001;ORO";Laptop:1200.00|Mouse:25.50;1225.5;0.1;34.05--118.24;CREDITO;5
10152;1/12/2025 11:45;"C3002;PLATA";Monitor:299.99;299.99;0.05;40.71--74.00;DEBITO;4
10153;1/12/2025 12:00;"C3003;BRONCE";Teclado:75.00|Webcam:45.00;120;0.1;51.50--0.12;EFECTIVO;3
10154;1/12/2025 13:15;"C3001;ORO";;450;0.1;48.85--2.35;TRANSFERENCIA;
10155;2/12/2025 09:00;"C3004;PLATA";DiscoDuro:150.00;450;0.05;40.71--74.00;CREDITO;5
10156;2/12/2025 10:00;"C3005;ORO";Smartphone:800.00;800;0.1;34.05--118.24;CREDITO;4
10157;2/12/2025 11:10;"C3002;PLATA";;60;0;40.71--74.00;EFECTIVO;5
10158;3/12/2025 14:00;"C3006;BRONCE";Mesa:300.00|Silla:100.00;400;0.1;51.50--0.12;DEBITO;2
10159;3/12/2025 15:30;"C3005;ORO";Tablet:350.00;350;0.05;34.05--118.24;TRANSFERENCIA;4
10160;3/12/2025 16:00;"C3004;PLATA";Memoria:50.00;50;0.05;48.85--2.35;CREDITO;3
10161;4/12/2025 08:30;"C3007;BRONCE";Audifonos:99.99;99.99;0.1;34.05--118.24;CREDITO;
10162;4/12/2025 09:40;"C3001;ORO";DiscoExterno:200.00;200;0;40.71--74.00;DEBITO;5
10163;4/12/2025 10:50;"C3008;PLATA";Televisor:850.00;850;0.15;51.50--0.12;EFECTIVO;4
10164;4/12/2025 11:20;"C3009;ORO";;1500;0.1;48.85--2.35;CREDITO;5
10165;5/12/2025 12:30;"C3010;BRONCE";Licuadora:65.00|Tostadora:30.00;95;0.05;34.05--118.24;TRANSFERENCIA;2
10166;5/12/2025 14:00;"C3006;BRONCE";Camara:400.00;400;0.1;40.71--74.00;DEBITO;3
10167;5/12/2025 15:15;"C3007;BRONCE";Lente:250.00;250;0;51.50--0.12;CREDITO;5
10168;6/12/2025 09:30;"C3003;BRONCE";Libro:20.00;20;0.05;48.85--2.35;EFECTIVO;
10169;6/12/2025 10:45;"C3009;ORO";Impresora:320.00;320;0.1;34.05--118.24;CREDITO;4
10170;6/12/2025 11:55;"C3010;BRONCE";Papel:10.00|Pluma:5.00;15;0.05;40.71--74.00;DEBITO;2
10171;7/12/2025 12:05;"C3001;ORO";Suscripcion:50.00;50;0;51.50--0.12;TRANSFERENCIA;5
10172;7/12/2025 13:10;"C3004;PLATA";Monitor:299.99;299.99;0.05;48.85--2.35;CREDITO;4
10173;7/12/2025 14:20;"C3005;ORO";;150;0.1;34.05--118.24;DEBITO;3
10174;8/12/2025 09:00;"C3002;PLATA";Teclado:75.00;75;0.05;40.71--74.00;EFECTIVO;5
10175;8/12/2025 10:15;"C3008;PLATA";Webcam:45.00;45;0.1;51.50--0.12;TRANSFERENCIA;4
10176;8/12/2025 11:25;"C3006;BRONCE";Laptop:1200.00;1200;0.1;48.85--2.35;CREDITO;
10177;8/12/2025 12:35;"C3007;BRONCE";Mouse:25.50;25.5;0.05;34.05--118.24;DEBITO;2
10178;9/12/2025 14:00;"C3009;ORO";DiscoExterno:200.00;200;0;40.71--74.00;EFECTIVO;5
10179;9/12/2025 15:10;"C3010;BRONCE";;300;0.1;51.50--0.12;CREDITO;4
10180;9/12/2025 16:20;"C3003;BRONCE";Televisor:850.00;850;0.15;48.85--2.35;TRANSFERENCIA;3
10181;10/12/2025 08:30;"C3001;ORO";Licuadora:65.00;65;0.05;34.05--118.24;DEBITO;
10182;10/12/2025 09:40;"C3004;PLATA";Tostadora:30.00;30;0.1;40.71--74.00;CREDITO;5
10183;10/12/2025 10:50;"C3005;ORO";Camara:400.00;400;0.1;51.50--0.12;EFECTIVO;4
10184;10/12/2025 11:20;"C3006;BRONCE";Lente:250.00;250;0;48.85--2.35;DEBITO;5
10185;11/12/2025 12:30;"C3002;PLATA";Libro:20.00|Pluma:5.00;25;0.05;34.05--118.24;CREDITO;2
10186;11/12/2025 14:00;"C3008;PLATA";Impresora:320.00;320;0.1;40.71--74.00;TRANSFERENCIA;3
10187;11/12/2025 15:15;"C3009;ORO";Papel:10.00;10;0.05;51.50--0.12;EFECTIVO;5
10188;12/12/2025 09:30;"C3010;BRONCE";Suscripcion:50.00;50;0;48.85--2.35;CREDITO;4
10189;12/12/2025 10:45;"C3007;BRONCE";;120;0.1;34.05--118.24;DEBITO;2
10190;12/12/2025 11:55;"C3001;ORO";Laptop:1200.00;1200;0.1;40.71--74.00;CREDITO;5
10191;13/12/2025 12:05;"C3004;PLATA";Monitor:299.99;299.99;0.05;51.50--0.12;TRANSFERENCIA;4
10192;13/12/2025 13:10;"C3005;ORO";Teclado:75.00;75;0.1;48.85--2.35;DEBITO;3
10193;13/12/2025 14:20;"C3002;PLATA";Webcam:45.00;45;0.05;34.05--118.24;EFECTIVO;5
10194;14/12/2025 09:00;"C3008;PLATA";DiscoDuro:150.00;150;0.1;40.71--74.00;CREDITO;4
10195;14/12/2025 10:15;"C3006;BRONCE";Smartphone:800.00;800;0.1;51.50--0.12;DEBITO;2
10196;14/12/2025 11:25;"C3007;BRONCE";;60;0;48.85--2.35;CREDITO;5
10197;14/12/2025 12:35;"C3009;ORO";Mesa:300.00|Silla:100.00;400;0.1;34.05--118.24;TRANSFERENCIA;4
10198;15/12/2025 14:00;"C3010;BRONCE";Tablet:350.00;350;0.05;40.71--74.00;EFECTIVO;3
10199;15/12/2025 15:10;"C3003;BRONCE";Memoria:50.00;50;0.05;51.50--0.12;CREDITO;
10200;15/12/2025 16:20;"C3001;ORO";Audifonos:99.99;99.99;0.1;48.85--2.35;DEBITO;5
10201;1/12/2025 10:30;"C3001;ORO";Laptop:1200.00|Mouse:25.50;1225.5;0.1;34.05--118.24;CREDITO;5
10202;1/12/2025 11:45;"C3002;PLATA";Monitor:299.99;299.99;0.05;40.71--74.00;DEBITO;4
10203;1/12/2025 12:00;"C3003;BRONCE";Teclado:75.00|Webcam:45.00;120;0.1;51.50--0.12;EFECTIVO;3
10204;1/12/2025 13:15;"C3001;ORO";;450;0.1;48.85--2.35;TRANSFERENCIA;
10205;2/12/2025 09:00;"C3004;PLATA";DiscoDuro:150.00;450;0.05;40.71--74.00;CREDITO;5
10206;2/12/2025 10:00;"C3005;ORO";Smartphone:800.00;800;0.1;34.05--118.24;CREDITO;4
10207;2/12/2025 11:10;"C3002;PLATA";;60;0;40.71--74.00;EFECTIVO;5
10208;3/12/2025 14:00;"C3006;BRONCE";Mesa:300.00|Silla:100.00;400;0.1;51.50--0.12;DEBITO;2
10209;3/12/2025 15:30;"C3005;ORO";Tablet:350.00;350;0.05;34.05--118.24;TRANSFERENCIA;4
10210;3/12/2025 16:00;"C3004;PLATA";Memoria:50.00;50;0.05;48.85--2.35;CREDITO;3
10211;4/12/2025 08:30;"C3007;BRONCE";Audifonos:99.99;99.99;0.1;34.05--118.24;CREDITO;
10212;4/12/2025 09:40;"C3001;ORO";DiscoExterno:200.00;200;0;40.71--74.00;DEBITO;5
10213;4/12/2025 10:50;"C3008;PLATA";Televisor:850.00;850;0.15;51.50--0.12;EFECTIVO;4
10214;4/12/2025 11:20;"C3009;ORO";;1500;0.1;48.85--2.35;CREDITO;5
10215;5/12/2025 12:30;"C3010;BRONCE";Licuadora:65.00|Tostadora:30.00;95;0.05;34.05--118.24;TRANSFERENCIA;2
10216;5/12/2025 14:00;"C3006;BRONCE";Camara:400.00;400;0.1;40.71--74.00;DEBITO;3
10217;5/12/2025 15:15;"C3007;BRONCE";Lente:250.00;250;0;51.50--0.12;CREDITO;5
10218;6/12/2025 09:30;"C3003;BRONCE";Libro:20.00;20;0.05;48.85--2.35;EFECTIVO;
10219;6/12/2025 10:45;"C3009;ORO";Impresora:320.00;320;0.1;34.05--118.24;CREDITO;4
10220;6/12/2025 11:55;"C3010;BRONCE";Papel:10.00|Pluma:5.00;15;0.05;40.71--74.00;DEBITO;2
10221;7/12/2025 12:05;"C3001;ORO";Suscripcion:50.00;50;0;51.50--0.12;TRANSFERENCIA;5
10222;7/12/2025 13:10;"C3004;PLATA";Monitor:299.99;299.99;0.05;48.85--2.35;CREDITO;4
10223;7/12/2025 14:20;"C3005;ORO";;150;0.1;34.05--118.24;DEBITO;3
10224;8/12/2025 09:00;"C3002;PLATA";Teclado:75.00;75;0.05;40.71--74.00;EFECTIVO;5
10225;8/12/2025 10:15;"C3008;PLATA";Webcam:45.00;45;0.1;51.50--0.12;TRANSFERENCIA;4
10226;8/12/2025 11:25;"C3006;BRONCE";Laptop:1200.00;1200;0.1;48.85--2.35;CREDITO;
10227;8/12/2025 12:35;"C3007;BRONCE";Mouse:25.50;25.5;0.05;34.05--118.24;DEBITO;2
10228;9/12/2025 14:00;"C3009;ORO";DiscoExterno:200.00;200;0;40.71--74.00;EFECTIVO;5
10229;9/12/2025 15:10;"C3010;BRONCE";;300;0.1;51.50--0.12;CREDITO;4
10230;9/12/2025 16:20;"C3003;BRONCE";Televisor:850.00;850;0.15;48.85--2.35;TRANSFERENCIA;3
10231;10/12/2025 08:30;"C3001;ORO";Licuadora:65.00;65;0.05;34.05--118.24;DEBITO;
10232;10/12/2025 09:40;"C3004;PLATA";Tostadora:30.00;30;0.1;40.71--74.00;CREDITO;5
10233;10/12/2025 10:50;"C3005;ORO";Camara:400.00;400;0.1;51.50--0.12;EFECTIVO;4
10234;10/12/2025 11:20;"C3006;BRONCE";Lente:250.00;250;0;48.85--2.35;DEBITO;5
10235;11/12/2025 12:30;"C3002;PLATA";Libro:20.00|Pluma:5.00;25;0.05;34.05--118.24;CREDITO;2
10236;11/12/2025 14:00;"C3008;PLATA";Impresora:320.00;320;0.1;40.71--74.00;TRANSFERENCIA;3
10237;11/12/2025 15:15;"C3009;ORO";Papel:10.00;10;0.05;51.50--0.12;EFECTIVO;5
10238;12/12/2025 09:30;"C3010;BRONCE";Suscripcion:50.00;50;0;48.85--2.35;CREDITO;4
10239;12/12/2025 10:45;"C3007;BRONCE";;120;0.1;34.05--118.24;DEBITO;2
10240;12/12/2025 11:55;"C3001;ORO";Laptop:1200.00;1200;0.1;40.71--74.00;CREDITO;5
10241;13/12/2025 12:05;"C3004;PLATA";Monitor:299.99;299.99;0.05;51.50--0.12;TRANSFERENCIA;4
10242;13/12/2025 13:10;"C3005;ORO";Teclado:75.00;75;0.1;48.85--2.35;DEBITO;3
10243;13/12/2025 14:20;"C3002;PLATA";Webcam:45.00;45;0.05;34.05--118.24;EFECTIVO;5
10244;14/12/2025 09:00;"C3008;PLATA";DiscoDuro:150.00;150;0.1;40.71--74.00;CREDITO;4
10245;14/12/2025 10:15;"C3006;BRONCE";Smartphone:800.00;800;0.1;51.50--0.12;DEBITO;2
10246;14/12/2025 11:25;"C3007;BRONCE";;60;0;48.85--2.35;CREDITO;5
10247;14/12/2025 12:35;"C3009;ORO";Mesa:300.00|Silla:100.00;400;0.1;34.05--118.24;TRANSFERENCIA;4
10248;15/12/2025 14:00;"C3010;BRONCE";Tablet:350.00;350;0.05;40.71--74.00;EFECTIVO;3
10249;15/12/2025 15:10;"C3003;BRONCE";Memoria:50.00;50;0.05;51.50--0.12;CREDITO;
10250;15/12/2025 16:20;"C3001;ORO";Audifonos:99.99;99.99;0.1;48.85--2.35;DEBITO;5
10251;1/12/2025 10:30;"C3001;ORO";Laptop:1200.00|Mouse:25.50;1225.5;0.1;34.05--118.24;CREDITO;5
10252;1/12/2025 11:45;"C3002;PLATA";Monitor:299.99;299.99;0.05;40.71--74.00;DEBITO;4
10253;1/12/2025 12:00;"C3003;BRONCE";Teclado:75.00|Webcam:45.00;120;0.1;51.50--0.12;EFECTIVO;3
10254;1/12/2025 13:15;"C3001;ORO";;450;0.1;48.85--2.35;TRANSFERENCIA;
10255;2/12/2025 09:00;"C3004;PLATA";DiscoDuro:150.00;450;0.05;40.71--74.00;CREDITO;5
10256;2/12/2025 10:00;"C3005;ORO";Smartphone:800.00;800;0.1;34.05--118.24;CREDITO;4
10257;2/12/2025 11:10;"C3002;PLATA";;60;0;40.71--74.00;EFECTIVO;5
10258;3/12/2025 14:00;"C3006;BRONCE";Mesa:300.00|Silla:100.00;400;0.1;51.50--0.12;DEBITO;2
10259;3/12/2025 15:30;"C3005;ORO";Tablet:350.00;350;0.05;34.05--118.24;TRANSFERENCIA;4
10260;3/12/2025 16:00;"C3004;PLATA";Memoria:50.00;50;0.05;48.85--2.35;CREDITO;3
10261;4/12/2025 08:30;"C3007;BRONCE";Audifonos:99.99;99.99;0.1;34.05--118.24;CREDITO;
10262;4/12/2025 09:40;"C3001;ORO";DiscoExterno:200.00;200;0;40.71--74.00;DEBITO;5
10263;4/12/2025 10:50;"C3008;PLATA";Televisor:850.00;850;0.15;51.50--0.12;EFECTIVO;4
10264;4/12/2025 11:20;"C3009;ORO";;1500;0.1;48.85--2.35;CREDITO;5
10265;5/12/2025 12:30;"C3010;BRONCE";Licuadora:65.00|Tostadora:30.00;95;0.05;34.05--118.24;TRANSFERENCIA;2
10266;5/12/2025 14:00;"C3006;BRONCE";Camara:400.00;400;0.1;40.71--74.00;DEBITO;3
10267;5/12/2025 15:15;"C3007;BRONCE";Lente:250.00;250;0;51.50--0.12;CREDITO;5
10268;6/12/2025 09:30;"C3003;BRONCE";Libro:20.00;20;0.05;48.85--2.35;EFECTIVO;
10269;6/12/2025 10:45;"C3009;ORO";Impresora:320.00;320;0.1;34.05--118.24;CREDITO;4
10270;6/12/2025 11:55;"C3010;BRONCE";Papel:10.00|Pluma:5.00;15;0.05;40.71--74.00;DEBITO;2
10271;7/12/2025 12:05;"C3001;ORO";Suscripcion:50.00;50;0;51.50--0.12;TRANSFERENCIA;5
10272;7/12/2025 13:10;"C3004;PLATA";Monitor:299.99;299.99;0.05;48.85--2.35;CREDITO;4
10273;7/12/2025 14:20;"C3005;ORO";;150;0.1;34.05--118.24;DEBITO;3
10274;8/12/2025 09:00;"C3002;PLATA";Teclado:75.00;75;0.05;40.71--74.00;EFECTIVO;5
10275;8/12/2025 10:15;"C3008;PLATA";Webcam:45.00;45;0.1;51.50--0.12;TRANSFERENCIA;4
10276;8/12/2025 11:25;"C3006;BRONCE";Laptop:1200.00;1200;0.1;48.85--2.35;CREDITO;
10277;8/12/2025 12:35;"C3007;BRONCE";Mouse:25.50;25.5;0.05;34.05--118.24;DEBITO;2
10278;9/12/2025 14:00;"C3009;ORO";DiscoExterno:200.00;200;0;40.71--74.00;EFECTIVO;5
10279;9/12/2025 15:10;"C3010;BRONCE";;300;0.1;51.50--0.12;CREDITO;4
10280;9/12/2025 16:20;"C3003;BRONCE";Televisor:850.00;850;0.15;48.85--2.35;TRANSFERENCIA;3
10281;10/12/2025 08:30;"C3001;ORO";Licuadora:65.00;65;0.05;34.05--118.24;DEBITO;
10282;10/12/2025 09:40;"C3004;PLATA";Tostadora:30.00;30;0.1;40.71--74.00;CREDITO;5
10283;10/12/2025 10:50;"C3005;ORO";Camara:400.00;400;0.1;51.50--0.12;EFECTIVO;4
10284;10/12/2025 11:20;"C3006;BRONCE";Lente:250.00;250;0;48.85--2.35;DEBITO;5
10285;11/12/2025 12:30;"C3002;PLATA";Libro:20.00|Pluma:5.00;25;0.05;34.05--118.24;CREDITO;2
10286;11/12/2025 14:00;"C3008;PLATA";Impresora:320.00;320;0.1;40.71--74.00;TRANSFERENCIA;3
10287;11/12/2025 15:15;"C3009;ORO";Papel:10.00;10;0.05;51.50--0.12;EFECTIVO;5
10288;12/12/2025 09:30;"C3010;BRONCE";Suscripcion:50.00;50;0;48.85--2.35;CREDITO;4
10289;12/12/2025 10:45;"C3007;BRONCE";;120;0.1;34.05--118.24;DEBITO;2
10290;12/12/2025 11:55;"C3001;ORO";Laptop:1200.00;1200;0.1;40.71--74.00;CREDITO;5
10291;13/12/2025 12:05;"C3004;PLATA";Monitor:299.99;299.99;0.05;51.50--0.12;TRANSFERENCIA;4
10292;13/12/2025 13:10;"C3005;ORO";Teclado:75.00;75;0.1;48.85--2.35;DEBITO;3
10293;13/12/2025 14:20;"C3002;PLATA";Webcam:45.00;45;0.05;34.05--118.24;EFECTIVO;5
10294;14/12/2025 09:00;"C3008;PLATA";DiscoDuro:150.00;150;0.1;40.71--74.00;CREDITO;4
10295;14/12/2025 10:15;"C3006;BRONCE";Smartphone:800.00;800;0.1;51.50--0.12;DEBITO;2
10296;14/12/2025 11:25;"C3007;BRONCE";;60;0;48.85--2.35;CREDITO;5
10297;14/12/2025 12:35;"C3009;ORO";Mesa:300.00|Silla:100.00;400;0.1;34.05--118.24;TRANSFERENCIA;4
10298;15/12/2025 14:00;"C3010;BRONCE";Tablet:350.00;350;0.05;40.71--74.00;EFECTIVO;3
10299;15/12/2025 15:10;"C3003;BRONCE";Memoria:50.00;50;0.05;51.50--0.12;CREDITO;
10300;15/12/2025 16:20;"C3001;ORO";Audifonos:99.99;99.99;0.1;48.85--2.35;DEBITO;5
10301;1/12/2025 10:30;"C3001;ORO";Laptop:1200.00|Mouse:25.50;1225.5;0.1;34.05--118.24;CREDITO;5
10302;1/12/2025 11:45;"C3002;PLATA";Monitor:299.99;299.99;0.05;40.71--74.00;DEBITO;4
10303;1/12/2025 12:00;"C3003;BRONCE";Teclado:75.00|Webcam:45.00;120;0.1;51.50--0.12;EFECTIVO;3
10304;1/12/2025 13:15;"C3001;ORO";;450;0.1;48.85--2.35;TRANSFERENCIA;
10305;2/12/2025 09:00;"C3004;PLATA";DiscoDuro:150.00;450;0.05;40.71--74.00;CREDITO;5
10306;2/12/2025 10:00;"C3005;ORO";Smartphone:800.00;800;0.1;34.05--118.24;CREDITO;4
10307;2/12/2025 11:10;"C3002;PLATA";;60;0;40.71--74.00;EFECTIVO;5
10308;3/12/2025 14:00;"C3006;BRONCE";Mesa:300.00|Silla:100.00;400;0.1;51.50--0.12;DEBITO;2
10309;3/12/2025 15:30;"C3005;ORO";Tablet:350.00;350;0.05;34.05--118.24;TRANSFERENCIA;4
10310;3/12/2025 16:00;"C3004;PLATA";Memoria:50.00;50;0.05;48.85--2.35;CREDITO;3
10311;4/12/2025 08:30;"C3007;BRONCE";Audifonos:99.99;99.99;0.1;34.05--118.24;CREDITO;
10312;4/12/2025 09:40;"C3001;ORO";DiscoExterno:200.00;200;0;40.71--74.00;DEBITO;5
10313;4/12/2025 10:50;"C3008;PLATA";Televisor:850.00;850;0.15;51.50--0.12;EFECTIVO;4
10314;4/12/2025 11:20;"C3009;ORO";;1500;0.1;48.85--2.35;CREDITO;5
10315;5/12/2025 12:30;"C3010;BRONCE";Licuadora:65.00|Tostadora:30.00;95;0.05;34.05--118.24;TRANSFERENCIA;2
10316;5/12/2025 14:00;"C3006;BRONCE";Camara:400.00;400;0.1;40.71--74.00;DEBITO;3
10317;5/12/2025 15:15;"C3007;BRONCE";Lente:250.00;250;0;51.50--0.12;CREDITO;5
10318;6/12/2025 09:30;"C3003;BRONCE";Libro:20.00;20;0.05;48.85--2.35;EFECTIVO;
10319;6/12/2025 10:45;"C3009;ORO";Impresora:320.00;320;0.1;34.05--118.24;CREDITO;4
10320;6/12/2025 11:55;"C3010;BRONCE";Papel:10.00|Pluma:5.00;15;0.05;40.71--74.00;DEBITO;2
10321;7/12/2025 12:05;"C3001;ORO";Suscripcion:50.00;50;0;51.50--0.12;TRANSFERENCIA;5
10322;7/12/2025 13:10;"C3004;PLATA";Monitor:299.99;299.99;0.05;48.85--2.35;CREDITO;4
10323;7/12/2025 14:20;"C3005;ORO";;150;0.1;34.05--118.24;DEBITO;3
10324;8/12/2025 09:00;"C3002;PLATA";Teclado:75.00;75;0.05;40.71--74.00;EFECTIVO;5
10325;8/12/2025 10:15;"C3008;PLATA";Webcam:45.00;45;0.1;51.50--0.12;TRANSFERENCIA;4
10326;8/12/2025 11:25;"C3006;BRONCE";Laptop:1200.00;1200;0.1;48.85--2.35;CREDITO;
10327;8/12/2025 12:35;"C3007;BRONCE";Mouse:25.50;25.5;0.05;34.05--118.24;DEBITO;2
10328;9/12/2025 14:00;"C3009;ORO";DiscoExterno:200.00;200;0;40.71--74.00;EFECTIVO;5
10329;9/12/2025 15:10;"C3010;BRONCE";;300;0.1;51.50--0.12;CREDITO;4
10330;9/12/2025 16:20;"C3003;BRONCE";Televisor:850.00;850;0.15;48.85--2.35;TRANSFERENCIA;3
10331;10/12/2025 08:30;"C3001;ORO";Licuadora:65.00;65;0.05;34.05--118.24;DEBITO;
10332;10/12/2025 09:40;"C3004;PLATA";Tostadora:30.00;30;0.1;40.71--74.00;CREDITO;5
10333;10/12/2025 10:50;"C3005;ORO";Camara:400.00;400;0.1;51.50--0.12;EFECTIVO;4
10334;10/12/2025 11:20;"C3006;BRONCE";Lente:250.00;250;0;48.85--2.35;DEBITO;5
10335;11/12/2025 12:30;"C3002;PLATA";Libro:20.00|Pluma:5.00;25;0.05;34.05--118.24;CREDITO;2
10336;11/12/2025 14:00;"C3008;PLATA";Impresora:320.00;320;0.1;40.71--74.00;TRANSFERENCIA;3
10337;11/12/2025 15:15;"C3009;ORO";Papel:10.00;10;0.05;51.50--0.12;EFECTIVO;5
10338;12/12/2025 09:30;"C3010;BRONCE";Suscripcion:50.00;50;0;48.85--2.35;CREDITO;4
10339;12/12/2025 10:45;"C3007;BRONCE";;120;0.1;34.05--118.24;DEBITO;2
10340;12/12/2025 11:55;"C3001;ORO";Laptop:1200.00;1200;0.1;40.71--74.00;CREDITO;5
10341;13/12/2025 12:05;"C3004;PLATA";Monitor:299.99;299.99;0.05;51.50--0.12;TRANSFERENCIA;4
10342;13/12/2025 13:10;"C3005;ORO";Teclado:75.00;75;0.1;48.85--2.35;DEBITO;3
10343;13/12/2025 14:20;"C3002;PLATA";Webcam:45.00;45;0.05;34.05--118.24;EFECTIVO;5
10344;14/12/2025 09:00;"C3008;PLATA";DiscoDuro:150.00;150;0.1;40.71--74.00;CREDITO;4
10345;14/12/2025 10:15;"C3006;BRONCE";Smartphone:800.00;800;0.1;51.50--0.12;DEBITO;2
10346;14/12/2025 11:25;"C3007;BRONCE";;60;0;48.85--2.35;CREDITO;5
10347;14/12/2025 12:35;"C3009;ORO";Mesa:300.00|Silla:100.00;400;0.1;34.05--118.24;TRANSFERENCIA;4
10348;15/12/2025 14:00;"C3010;BRONCE";Tablet:350.00;350;0.05;40.71--74.00;EFECTIVO;3
10349;15/12/2025 15:10;"C3003;BRONCE";Memoria:50.00;50;0.05;51.50--0.12;CREDITO;
10350;15/12/2025 16:20;"C3001;ORO";Audifonos:99.99;99.99;0.1;48.85--2.35;DEBITO;5
10351;1/12/2025 10:30;"C3001;ORO";Laptop:1200.00|Mouse:25.50;1225.5;0.1;34.05--118.24;CREDITO;5
10352;1/12/2025 11:45;"C3002;PLATA";Monitor:299.99;299.99;0.05;40.71--74.00;DEBITO;4
10353;1/12/2025 12:00;"C3003;BRONCE";Teclado:75.00|Webcam:45.00;120;0.1;51.50--0.12;EFECTIVO;3
10354;1/12/2025 13:15;"C3001;ORO";;450;0.1;48.85--2.35;TRANSFERENCIA;
10355;2/12/2025 09:00;"C3004;PLATA";DiscoDuro:150.00;450;0.05;40.71--74.00;CREDITO;5
10356;2/12/2025 10:00;"C3005;ORO";Smartphone:800.00;800;0.1;34.05--118.24;CREDITO;4
10357;2/12/2025 11:10;"C3002;PLATA";;60;0;40.71--74.00;EFECTIVO;5
10358;3/12/2025 14:00;"C3006;BRONCE";Mesa:300.00|Silla:100.00;400;0.1;51.50--0.12;DEBITO;2
10359;3/12/2025 15:30;"C3005;ORO";Tablet:350.00;350;0.05;34.05--118.24;TRANSFERENCIA;4
10360;3/12/2025 16:00;"C3004;PLATA";Memoria:50.00;50;0.05;48.85--2.35;CREDITO;3
10361;4/12/2025 08:30;"C3007;BRONCE";Audifonos:99.99;99.99;0.1;34.05--118.24;CREDITO;
10362;4/12/2025 09:40;"C3001;ORO";DiscoExterno:200.00;200;0;40.71--74.00;DEBITO;5
10363;4/12/2025 10:50;"C3008;PLATA";Televisor:850.00;850;0.15;51.50--0.12;EFECTIVO;4
10364;4/12/2025 11:20;"C3009;ORO";;1500;0.1;48.85--2.35;CREDITO;5
10365;5/12/2025 12:30;"C3010;BRONCE";Licuadora:65.00|Tostadora:30.00;95;0.05;34.05--118.24;TRANSFERENCIA;2
10366;5/12/2025 14:00;"C3006;BRONCE";Camara:400.00;400;0.1;40.71--74.00;DEBITO;3
10367;5/12/2025 15:15;"C3007;BRONCE";Lente:250.00;250;0;51.50--0.12;CREDITO;5
10368;6/12/2025 09:30;"C3003;BRONCE";Libro:20.00;20;0.05;48.85--2.35;EFECTIVO;
10369;6/12/2025 10:45;"C3009;ORO";Impresora:320.00;320;0.1;34.05--118.24;CREDITO;4
10370;6/12/2025 11:55;"C3010;BRONCE";Papel:10.00|Pluma:5.00;15;0.05;40.71--74.00;DEBITO;2
10371;7/12/2025 12:05;"C3001;ORO";Suscripcion:50.00;50;0;51.50--0.12;TRANSFERENCIA;5
10372;7/12/2025 13:10;"C3004;PLATA";Monitor:299.99;299.99;0.05;48.85--2.35;CREDITO;4
10373;7/12/2025 14:20;"C3005;ORO";;150;0.1;34.05--118.24;DEBITO;3
10374;8/12/2025 09:00;"C3002;PLATA";Teclado:75.00;75;0.05;40.71--74.00;EFECTIVO;5
10375;8/12/2025 10:15;"C3008;PLATA";Webcam:45.00;45;0.1;51.50--0.12;TRANSFERENCIA;4
10376;8/12/2025 11:25;"C3006;BRONCE";Laptop:1200.00;1200;0.1;48.85--2.35;CREDITO;
10377;8/12/2025 12:35;"C3007;BRONCE";Mouse:25.50;25.5;0.05;34.05--118.24;DEBITO;2
10378;9/12/2025 14:00;"C3009;ORO";DiscoExterno:200.00;200;0;40.71--74.00;EFECTIVO;5
10379;9/12/2025 15:10;"C3010;BRONCE";;300;0.1;51.50--0.12;CREDITO;4
10380;9/12/2025 16:20;"C3003;BRONCE";Televisor:850.00;850;0.15;48.85--2.35;TRANSFERENCIA;3
10381;10/12/2025 08:30;"C3001;ORO";Licuadora:65.00;65;0.05;34.05--118.24;DEBITO;
10382;10/12/2025 09:40;"C3004;PLATA";Tostadora:30.00;30;0.1;40.71--74.00;CREDITO;5
10383;10/12/2025 10:50;"C3005;ORO";Camara:400.00;400;0.1;51.50--0.12;EFECTIVO;4
10384;10/12/2025 11:20;"C3006;BRONCE";Lente:250.00;250;0;48.85--2.35;DEBITO;5
10385;11/12/2025 12:30;"C3002;PLATA";Libro:20.00|Pluma:5.00;25;0.05;34.05--118.24;CREDITO;2
10386;11/12/2025 14:00;"C3008;PLATA";Impresora:320.00;320;0.1;40.71--74.00;TRANSFERENCIA;3
10387;11/12/2025 15:15;"C3009;ORO";Papel:10.00;10;0.05;51.50--0.12;EFECTIVO;5
10388;12/12/2025 09:30;"C3010;BRONCE";Suscripcion:50.00;50;0;48.85--2.35;CREDITO;4
10389;12/12/2025 10:45;"C3007;BRONCE";;120;0.1;34.05--118.24;DEBITO;2
10390;12/12/2025 11:55;"C3001;ORO";Laptop:1200.00;1200;0.1;40.71--74.00;CREDITO;5
10391;13/12/2025 12:05;"C3004;PLATA";Monitor:299.99;299.99;0.05;51.50--0.12;TRANSFERENCIA;4
10392;13/12/2025 13:10;"C3005;ORO";Teclado:75.00;75;0.1;48.85--2.35;DEBITO;3
10393;13/12/2025 14:20;"C3002;PLATA";Webcam:45.00;45;0.05;34.05--118.24;EFECTIVO;5
10394;14/12/2025 09:00;"C3008;PLATA";DiscoDuro:150.00;150;0.1;40.71--74.00;CREDITO;4
10395;14/12/2025 10:15;"C3006;BRONCE";Smartphone:800.00;800;0.1;51.50--0.12;DEBITO;2
10396;14/12/2025 11:25;"C3007;BRONCE";;60;0;48.85--2.35;CREDITO;5
10397;14/12/2025 12:35;"C3009;ORO";Mesa:300.00|Silla:100.00;400;0.1;34.05--118.24;TRANSFERENCIA;4
10398;15/12/2025 14:00;"C3010;BRONCE";Tablet:350.00;350;0.05;40.71--74.00;EFECTIVO;3
10399;15/12/2025 15:10;"C3003;BRONCE";Memoria:50.00;50;0.05;51.50--0.12;CREDITO;
10400;15/12/2025 16:20;"C3001;ORO";Audifonos:99.99;99.99;0.1;48.85--2.35;DEBITO;5
10401;1/12/2025 10:30;"C3001;ORO";Laptop:1200.00|Mouse:25.50;1225.5;0.1;34.05--118.24;CREDITO;5
10402;1/12/2025 11:45;"C3002;PLATA";Monitor:299.99;299.99;0.05;40.71--74.00;DEBITO;4
10403;1/12/2025 12:00;"C3003;BRONCE";Teclado:75.00|Webcam:45.00;120;0.1;51.50--0.12;EFECTIVO;3
10404;1/12/2025 13:15;"C3001;ORO";;450;0.1;48.85--2.35;TRANSFERENCIA;
10405;2/12/2025 09:00;"C3004;PLATA";DiscoDuro:150.00;450;0.05;40.71--74.00;CREDITO;5
10406;2/12/2025 10:00;"C3005;ORO";Smartphone:800.00;800;0.1;34.05--118.24;CREDITO;4
10407;2/12/2025 11:10;"C3002;PLATA";;60;0;40.71--74.00;EFECTIVO;5
10408;3/12/2025 14:00;"C3006;BRONCE";Mesa:300.00|Silla:100.00;400;0.1;51.50--0.12;DEBITO;2
10409;3/12/2025 15:30;"C3005;ORO";Tablet:350.00;350;0.05;34.05--118.24;TRANSFERENCIA;4
10410;3/12/2025 16:00;"C3004;PLATA";Memoria:50.00;50;0.05;48.85--2.35;CREDITO;3
10411;4/12/2025 08:30;"C3007;BRONCE";Audifonos:99.99;99.99;0.1;34.05--118.24;CREDITO;
10412;4/12/2025 09:40;"C3001;ORO";DiscoExterno:200.00;200;0;40.71--74.00;DEBITO;5
10413;4/12/2025 10:50;"C3008;PLATA";Televisor:850.00;850;0.15;51.50--0.12;EFECTIVO;4
10414;4/12/2025 11:20;"C3009;ORO";;1500;0.1;48.85--2.35;CREDITO;5
10415;5/12/2025 12:30;"C3010;BRONCE";Licuadora:65.00|Tostadora:30.00;95;0.05;34.05--118.24;TRANSFERENCIA;2
10416;5/12/2025 14:00;"C3006;BRONCE";Camara:400.00;400;0.1;40.71--74.00;DEBITO;3
10417;5/12/2025 15:15;"C3007;BRONCE";Lente:250.00;250;0;51.50--0.12;CREDITO;5
10418;6/12/2025 09:30;"C3003;BRONCE";Libro:20.00;20;0.05;48.85--2.35;EFECTIVO;
10419;6/12/2025 10:45;"C3009;ORO";Impresora:320.00;320;0.1;34.05--118.24;CREDITO;4
10420;6/12/2025 11:55;"C3010;BRONCE";Papel:10.00|Pluma:5.00;15;0.05;40.71--74.00;DEBITO;2
10421;7/12/2025 12:05;"C3001;ORO";Suscripcion:50.00;50;0;51.50--0.12;TRANSFERENCIA;5
10422;7/12/2025 13:10;"C3004;PLATA";Monitor:299.99;299.99;0.05;48.85--2.35;CREDITO;4
10423;7/12/2025 14:20;"C3005;ORO";;150;0.1;34.05--118.24;DEBITO;3
10424;8/12/2025 09:00;"C3002;PLATA";Teclado:75.00;75;0.05;40.71--74.00;EFECTIVO;5
10425;8/12/2025 10:15;"C3008;PLATA";Webcam:45.00;45;0.1;51.50--0.12;TRANSFERENCIA;4
10426;8/12/2025 11:25;"C3006;BRONCE";Laptop:1200.00;1200;0.1;48.85--2.35;CREDITO;
10427;8/12/2025 12:35;"C3007;BRONCE";Mouse:25.50;25.5;0.05;34.05--118.24;DEBITO;2
10428;9/12/2025 14:00;"C3009;ORO";DiscoExterno:200.00;200;0;40.71--74.00;EFECTIVO;5
10429;9/12/2025 15:10;"C3010;BRONCE";;300;0.1;51.50--0.12;CREDITO;4
10430;9/12/2025 16:20;"C3003;BRONCE";Televisor:850.00;850;0.15;48.85--2.35;TRANSFERENCIA;3
10431;10/12/2025 08:30;"C3001;ORO";Licuadora:65.00;65;0.05;34.05--118.24;DEBITO;
10432;10/12/2025 09:40;"C3004;PLATA";Tostadora:30.00;30;0.1;40.71--74.00;CREDITO;5
10433;10/12/2025 10:50;"C3005;ORO";Camara:400.00;400;0.1;51.50--0.12;EFECTIVO;4
10434;10/12/2025 11:20;"C3006;BRONCE";Lente:250.00;250;0;48.85--2.35;DEBITO;5
10435;11/12/2025 12:30;"C3002;PLATA";Libro:20.00|Pluma:5.00;25;0.05;34.05--118.24;CREDITO;2
10436;11/12/2025 14:00;"C3008;PLATA";Impresora:320.00;320;0.1;40.71--74.00;TRANSFERENCIA;3
10437;11/12/2025 15:15;"C3009;ORO";Papel:10.00;10;0.05;51.50--0.12;EFECTIVO;5
10438;12/12/2025 09:30;"C3010;BRONCE";Suscripcion:50.00;50;0;48.85--2.35;CREDITO;4
10439;12/12/2025 10:45;"C3007;BRONCE";;120;0.1;34.05--118.24;DEBITO;2
10440;12/12/2025 11:55;"C3001;ORO";Laptop:1200.00;1200;0.1;40.71--74.00;CREDITO;5
10441;13/12/2025 12:05;"C3004;PLATA";Monitor:299.99;299.99;0.05;51.50--0.12;TRANSFERENCIA;4
10442;13/12/2025 13:10;"C3005;ORO";Teclado:75.00;75;0.1;48.85--2.35;DEBITO;3
10443;13/12/2025 14:20;"C3002;PLATA";Webcam:45.00;45;0.05;34.05--118.24;EFECTIVO;5
10444;14/12/2025 09:00;"C3008;PLATA";DiscoDuro:150.00;150;0.1;40.71--74.00;CREDITO;4
10445;14/12/2025 10:15;"C3006;BRONCE";Smartphone:800.00;800;0.1;51.50--0.12;DEBITO;2
10446;14/12/2025 11:25;"C3007;BRONCE";;60;0;48.85--2.35;CREDITO;5
10447;14/12/2025 12:35;"C3009;ORO";Mesa:300.00|Silla:100.00;400;0.1;34.05--118.24;TRANSFERENCIA;4
10448;15/12/2025 14:00;"C3010;BRONCE";Tablet:350.00;350;0.05;40.71--74.00;EFECTIVO;3
10449;15/12/2025 15:10;"C3003;BRONCE";Memoria:50.00;50;0.05;51.50--0.12;CREDITO;
10450;15/12/2025 16:20;"C3001;ORO";Audifonos:99.99;99.99;0.1;48.85--2.35;DEBITO;5
10451;1/12/2025 10:30;"C3001;ORO";Laptop:1200.00|Mouse:25.50;1225.5;0.1;34.05--118.24;CREDITO;5
10452;1/12/2025 11:45;"C3002;PLATA";Monitor:299.99;299.99;0.05;40.71--74.00;DEBITO;4
10453;1/12/2025 12:00;"C3003;BRONCE";Teclado:75.00|Webcam:45.00;120;0.1;51.50--0.12;EFECTIVO;3
10454;1/12/2025 13:15;"C3001;ORO";;450;0.1;48.85--2.35;TRANSFERENCIA;
10455;2/12/2025 09:00;"C3004;PLATA";DiscoDuro:150.00;450;0.05;40.71--74.00;CREDITO;5
10456;2/12/2025 10:00;"C3005;ORO";Smartphone:800.00;800;0.1;34.05--118.24;CREDITO;4
10457;2/12/2025 11:10;"C3002;PLATA";;60;0;40.71--74.00;EFECTIVO;5
10458;3/12/2025 14:00;"C3006;BRONCE";Mesa:300.00|Silla:100.00;400;0.1;51.50--0.12;DEBITO;2
10459;3/12/2025 15:30;"C3005;ORO";Tablet:350.00;350;0.05;34.05--118.24;TRANSFERENCIA;4
10460;3/12/2025 16:00;"C3004;PLATA";Memoria:50.00;50;0.05;48.85--2.35;CREDITO;3
10461;4/12/2025 08:30;"C3007;BRONCE";Audifonos:99.99;99.99;0.1;34.05--118.24;CREDITO;
10462;4/12/2025 09:40;"C3001;ORO";DiscoExterno:200.00;200;0;40.71--74.00;DEBITO;5
10463;4/12/2025 10:50;"C3008;PLATA";Televisor:850.00;850;0.15;51.50--0.12;EFECTIVO;4
10464;4/12/2025 11:20;"C3009;ORO";;1500;0.1;48.85--2.35;CREDITO;5
10465;5/12/2025 12:30;"C3010;BRONCE";Licuadora:65.00|Tostadora:30.00;95;0.05;34.05--118.24;TRANSFERENCIA;2
10466;5/12/2025 14:00;"C3006;BRONCE";Camara:400.00;400;0.1;40.71--74.00;DEBITO;3
10467;5/12/2025 15:15;"C3007;BRONCE";Lente:250.00;250;0;51.50--0.12;CREDITO;5
10468;6/12/2025 09:30;"C3003;BRONCE";Libro:20.00;20;0.05;48.85--2.35;EFECTIVO;
10469;6/12/2025 10:45;"C3009;ORO";Impresora:320.00;320;0.1;34.05--118.24;CREDITO;4
10470;6/12/2025 11:55;"C3010;BRONCE";Papel:10.00|Pluma:5.00;15;0.05;40.71--74.00;DEBITO;2
10471;7/12/2025 12:05;"C3001;ORO";Suscripcion:50.00;50;0;51.50--0.12;TRANSFERENCIA;5
10472;7/12/2025 13:10;"C3004;PLATA";Monitor:299.99;299.99;0.05;48.85--2.35;CREDITO;4
10473;7/12/2025 14:20;"C3005;ORO";;150;0.1;34.05--118.24;DEBITO;3
10474;8/12/2025 09:00;"C3002;PLATA";Teclado:75.00;75;0.05;40.71--74.00;EFECTIVO;5
10475;8/12/2025 10:15;"C3008;PLATA";Webcam:45.00;45;0.1;51.50--0.12;TRANSFERENCIA;4
10476;8/12/2025 11:25;"C3006;BRONCE";Laptop:1200.00;1200;0.1;48.85--2.35;CREDITO;
10477;8/12/2025 12:35;"C3007;BRONCE";Mouse:25.50;25.5;0.05;34.05--118.24;DEBITO;2
10478;9/12/2025 14:00;"C3009;ORO";DiscoExterno:200.00;200;0;40.71--74.00;EFECTIVO;5
10479;9/12/2025 15:10;"C3010;BRONCE";;300;0.1;51.50--0.12;CREDITO;4
10480;9/12/2025 16:20;"C3003;BRONCE";Televisor:850.00;850;0.15;48.85--2.35;TRANSFERENCIA;3
10481;10/12/2025 08:30;"C3001;ORO";Licuadora:65.00;65;0.05;34.05--118.24;DEBITO;
10482;10/12/2025 09:40;"C3004;PLATA";Tostadora:30.00;30;0.1;40.71--74.00;CREDITO;5
10483;10/12/2025 10:50;"C3005;ORO";Camara:400.00;400;0.1;51.50--0.12;EFECTIVO;4
10484;10/12/2025 11:20;"C3006;BRONCE";Lente:250.00;250;0;48.85--2.35;DEBITO;5
10485;11/12/2025 12:30;"C3002;PLATA";Libro:20.00|Pluma:5.00;25;0.05;34.05--118.24;CREDITO;2
10486;11/12/2025 14:00;"C3008;PLATA";Impresora:320.00;320;0.1;40.71--74.00;TRANSFERENCIA;3
10487;11/12/2025 15:15;"C3009;ORO";Papel:10.00;10;0.05;51.50--0.12;EFECTIVO;5
10488;12/12/2025 09:30;"C3010;BRONCE";Suscripcion:50.00;50;0;48.85--2.35;CREDITO;4
10489;12/12/2025 10:45;"C3007;BRONCE";;120;0.1;34.05--118.24;DEBITO;2
10490;12/12/2025 11:55;"C3001;ORO";Laptop:1200.00;1200;0.1;40.71--74.00;CREDITO;5
10491;13/12/2025 12:05;"C3004;PLATA";Monitor:299.99;299.99;0.05;51.50--0.12;TRANSFERENCIA;4
10492;13/12/2025 13:10;"C3005;ORO";Teclado:75.00;75;0.1;48.85--2.35;DEBITO;3
10493;13/12/2025 14:20;"C3002;PLATA";Webcam:45.00;45;0.05;34.05--118.24;EFECTIVO;5
10494;14/12/2025 09:00;"C3008;PLATA";DiscoDuro:150.00;150;0.1;40.71--74.00;CREDITO;4
10495;14/12/2025 10:15;"C3006;BRONCE";Smartphone:800.00;800;0.1;51.50--0.12;DEBITO;2
10496;14/12/2025 11:25;"C3007;BRONCE";;60;0;48.85--2.35;CREDITO;5
10497;14/12/2025 12:35;"C3009;ORO";Mesa:300.00|Silla:100.00;400;0.1;34.05--118.24;TRANSFERENCIA;4
10498;15/12/2025 14:00;"C3010;BRONCE";Tablet:350.00;350;0.05;40.71--74.00;EFECTIVO;3
10499;15/12/2025 15:10;"C3003;BRONCE";Memoria:50.00;50;0.05;51.50--0.12;CREDITO;
10500;15/12/2025 16:20;"C3001;ORO";Audifonos:99.99;99.99;0.1;48.85--2.35;DEBITO;5
